segment,id,name,email,creationdate,n. apps
9,47,Halfbrick Studios,halfbrick@halfbrick.com,2011-03-21,11
9,743,Joseph Geraghty,joe@talkwheel.com,2012-04-17,1
9,7,Emanuele Padula,e.padula@gmail.com,2011-01-29,1
8,1206,Smuttlewerk Interactive,giaco@smuttlewerk.de,2012-10-05,5
8,500,Groupalia España,groupaliaes.mobile@elogia.net,2012-02-21,2
8,68,Deonn Games,sales@deonn.com,2011-06-27,2
7,628,Gamelion Studios,grzegorz.tarczynski@game-lion.com,2012-03-09,1
7,39,Zodiak Active S.R.L.,beintoo@zodiakactive.com,2011-02-23,4
7,1199,Tylted,wonny@tylted.com,2012-10-04,4
7,858,Jason Kim,jason.kim@adnapp.com,2012-05-24,6
7,1166,TAESUN YOO,tsyoo@m2ment.co.kr,2012-09-20,2
7,8,Santo Seegugio,seegugio@gmail.com,2011-01-31,1
7,1036,Wildbit Studios,david.rey@wildbitstudios.com,2012-07-30,1
7,924,Pixowl,seb@pixowl.com,2012-06-13,1
7,684,alessio ricco,alessio.ricco@gmail.com,2012-03-28,3
7,32,Ignazio Motisi,ali@outofthebit.com,2011-02-15,4
6,993,Brisk Mobile,aoleynik@briskmobile.com,2012-07-17,2
6,905,Zodiak Mondadori,zodiak.mondadori@beintoo.com,2012-06-06,1
6,1058,Brad Mills,brad@slightlysocial.com,2012-08-12,1
6,1010,Callsome Solutions  Inc,eran@mobilityzone.net,2012-07-24,1
6,5,Stefano Moi,smoi@beintoo.com,2011-01-26,4
6,811,musiXmatch,adv@musixmatch.com,2012-05-09,4
6,136,Luca,prade10@gmail.com,2011-09-26,1
5,1083,Kim hoy sang,mobine.ent@gmail.com,2012-08-20,4
5,42,Fabrizio,f.parzanese@gmail.com,2011-03-02,5
5,335,stevenwang,gstevenmail@gmail.com,2011-12-18,3
4,454,AgorastartupIdol.com,andrew.prell@agoratechinc.com,2012-02-10,1
4,1149,Kunerango,giulio.grillanda@gmail.com,2012-09-14,1
4,1880,Musaddiq Durrani,durranilab@gmail.com,2013-04-23,2
4,1656,jashentertainment,jashentertainment@gmail.com,2013-02-25,5
4,695,Fabrizio Mirabito,fabrizio@mirabito.it,2012-04-01,2
4,1339,Liilak,dev@liilak.com,2012-11-19,1
3,407,Pick1,enrico@doochoo.com,2012-01-24,3
3,1408,Enrico Angelini,info@spirales.it,2012-12-17,1
3,989,iLyngo  LLC,paypal@ilyngo.net,2012-07-15,1
3,166,terrapages,terry.collins@terrapages.com,2011-10-09,1
2,1192,Jorge Mata,jmata@fdicorp.com,2012-10-02,1
2,525,Giuseppe Piazzese,gpiazzese@beintoo.com,2012-02-28,5
2,157,Neodata,neodata@beintoo.com,2011-10-06,1
2,84,Tapstic,vincent@tapstic.com,2011-08-10,2
2,509,Johannes Berg,johannes@lumimobile.com,2012-02-23,2
2,1234,Josh Brown,contact@bulletlike.com,2012-10-15,1
2,503,Eitan,eitan.koren@sap.com,2012-02-22,1
2,1545,Name,nehal.m@xercestechnologies.com,2013-01-28,1
2,879,Chateau,jpchateau@mediastay.com,2012-05-30,1
2,26,Alberto Dal Dosso,daldosso@gmail.com,2011-02-05,1
1,1485,giveo2,contact@giveo2.com,2013-01-11,2
1,23,HackItaly Federico,federico@cloudify.me,2011-02-05,1
1,1369,Vinil,Vinil.bhandari@gmail.com,2012-11-29,1
1,1091,Ariel Pentzke,ariel@awiserweb.com,2012-08-22,1
1,1357,Andrea,kaildio@gmail.com,2012-11-24,1
1,1346,Filip,filip_s@absolutok.net,2012-11-20,3
1,1377,Developer,appsdev@applizards.com,2012-12-06,1
1,1354,blvprasad,prashaad@gmail.com,2012-11-23,4
1,375,Felipe Silvestre,fsilvestremorais@gmail.com,2012-01-11,1
1,1383,John Meng,john.meng@idreamsky.com,2012-12-11,1
1,339,Pislar,johnny_hellboy@yahoo.com,2011-12-19,1
1,876,Andy Gilbertson,andygilbertson@perblue.com,2012-05-29,1
1,658,Fabrizio,fabrizio.mirabito@gmail.com,2012-03-21,3
1,51,Lumi Mobile,marcus@lumimobile.com,2011-04-01,2
1,96,TestApikey,ferdinando@beintooo.com,2011-08-26,1
1,1114,jon kunay,band_kepri@yahoo.co.id,2012-08-31,2
1,1241,Luciano,luciano.leotta@a-tono.com,2012-10-17,1
1,502,Filippo,fprivitera+sap@beintoo.com,2012-02-22,1
1,894,pankaj,pankaj_indoria@mahindrasatyam.com,2012-06-05,4
1,646,Kris,kris.lau@sap.com,2012-03-15,1
1,473,Tu Yimin,yimin.tu@dianping.com,2012-02-15,1
1,1142,testuser,crapcan@mailinator.com,2012-09-10,2
1,217,Gianni,gianni.gaso@hotmail.com,2011-10-24,1
1,351,SportyPlayer,info@sportyplayer.com,2011-12-27,1
1,1362,prasad,lakshmivaraprasadb@hexaware.com,2012-11-26,1
1,1713,Bobie,bobie@herxun.co,2013-03-12,1
1,1122,Tobia,tobia.ghiraldini@ninjabit.com,2012-09-03,2
1,1852,vrushali,vrushali.jadhav@mobisoft-infotech.com,2013-04-18,1
1,1030,Park Jong Gu,pjg012@gmail.com,2012-07-30,2
1,1440,Kong Yu Jian,meohmylabs@gmail.com,2012-12-31,1
1,1311,Alessandro Zanfardino,alessandro.zanfardino@gmail.com,2012-11-08,1
1,1086,Alexander,salo86@rmabler.ru,2012-08-21,1
1,725,wilton,diggers_test@126.com,2012-04-12,1
1,547,tomasz_szubin,polishman83@gmail.com,2012-03-06,1
1,11,GOODSGAME,a.barbetti@artematica.com,2011-02-03,7
1,1201,Paul Leska,pleskajr@sapphireonline.com,2012-10-05,1
1,838,Kamal,kamalshaik@gmail.com,2012-05-18,1
1,426,Best Apps Market,bestapps@beintoo.com,2012-02-03,1
1,2010,rok cresnik,rok@cresnik.com,2013-05-27,1
1,1221,Populissw,it.software@populis.com,2012-10-10,1
1,38,Carlo Marinangeli,carlom.android@gmail.com,2011-02-22,2
1,922,VoThink.Us,info@VoThink.Us,2012-06-12,1
1,254,pislar.ionut,pislar.ionut@yahoo.com,2011-11-10,1
1,995,Roberto Nocera,roberto.nocera@gmail.com,2012-07-18,1
1,911,steckhcsmartman,stec_khc@hotmail.com,2012-06-07,6
1,461,Ronak,xyz@gmail.com,2012-02-14,1
1,196,Petras,pbieliauskas@gmail.com,2011-10-15,1
1,949,Martin Dobes,m_dobes@hotmail.com,2012-06-23,1
1,1606,Dave Ingle,Dave@orangep.co,2013-02-14,1
1,1005,Giovanni,giovanni.lodi@risingbits.com,2012-07-21,1
1,1207,sdmdev,sergio.demattia.it@gmail.com,2012-10-06,1
1,505,Marcel's Company,marcel@afterimage.nl,2012-02-22,1
1,465,Zapp,zapmobilegames@gmail.com,2012-02-14,1
1,1500,Cassio,cassiotc@gmail.com,2013-01-16,1
1,1006,Matteo Bonora,matteo@bonora.eu,2012-07-22,1
1,1200,Yong,phonics123@naver.com,2012-10-05,1
1,1198,Rex Ma,rex.ma@kylinwork.com,2012-10-04,1
1,856,Jason Kim,jason.kim@digitalcoolio.com,2012-05-24,1
1,1470,Predrag Orlic,predrag@kokakiki.com,2013-01-06,1
1,456,Joe Calabrese,Joe@ceruleangames.com,2012-02-12,1
1,1259,Vodafone,Vodafone@beintoo.com,2012-10-22,1
1,24,Claudio Ludovico Malorgio,malorgio.claudio@gmail.com,2011-02-05,1
1,1113,Com2uS,grabthespoon@com2us.com,2012-08-31,1
1,1415,vinray,15250277@qq.com,2012-12-20,1
1,1342,subbareddy,subba.info@gmail.com,2012-11-20,2
1,1134,Vadim,kidga.com@gmail.com,2012-09-07,1
1,986,Kandi,Kandi@beintoo.com,2012-07-12,1
1,1246,Lidia Thomas,jacajily@gmail.com,2012-10-19,1
1,194,Clint Stevenson III,iamspammed@yahoo.com,2011-10-15,1
1,1025,Pislar Ionut,pionut@beintoo.com,2012-07-28,1
1,1997,XtremeLabs,shanjeef.satchi@xtremelabs.com,2013-05-22,1
1,782,Nyan,nyanlh@streammed.com,2012-05-03,1
1,1127,alberto,alberto.montanari@ninjabit.com,2012-09-04,1
1,1257,saeedsam7,saeedsam7@yahoo.com,2012-10-22,1
1,1155,Byron Noriega,byron.noriega@gmail.com,2012-09-17,2
1,1360,Alexey,aleksey191295@gmail.com,2012-11-25,1
1,1125,mateuszp,mateusz.polrola@vividgames.com,2012-09-04,1
1,954,Amr,aelsehemy@gmail.com,2012-06-25,1
1,25,Samuele Reghenzi,sammyrulez@gmail.com,2011-02-05,1
1,1157,bloodxia,bloodxia@gmail.com,2012-09-17,1
1,783,Stream Media,streammediasg@gmail.com,2012-05-03,1
1,1747,Omar's Company,maghrabi.omar@gmail.com,2013-03-21,1
1,1305,Jack Wasserstrom,jackowasser@googlemail.com,2012-11-06,1
1,1193,Grzegorz Zwolinski,ad@t-bull.com,2012-10-02,1
1,327,Fred van Rijswijk,fred@attiq.nl,2011-12-14,1
1,1069,Krel,tapjoy.exchange@googlemail.com,2012-08-15,1
1,1885,Rakesh,akash.akaro@gmail.com,2013-04-25,1
1,1195,Dore Nguyen,dorevn@gmail.com,2012-10-02,1
1,1017,Ivan,ivan.zhf@gmail.com,2012-07-26,1
1,252,Kevin Cole,cole2music@yahoo.com,2011-11-09,1
1,1262,Tylted Site,philip@tylted.com,2012-10-23,1
1,1126,harryzzp,harryzzp@gmail.com,2012-09-04,1
1,670,alessio ricco,p.experience@gmail.com,2012-03-24,1
1,1462,soso,soso.zeus@gmail.com,2013-01-04,1
1,128,Roberto Navarro,contacto@estudioalfa.com,2011-09-22,2
1,1368,Brian Murray,metalpiegames@gmail.com,2012-11-28,1
1,713,swagsoft,info@swagsoft.com,2012-04-06,2
1,1106,Rafael Maya,mayarafa@gmail.com,2012-08-29,1
1,1215,Fred,billnye6372@yahoo.com,2012-10-09,2
1,1927,Gowri Shankar,vvlngsr@gmail.com,2013-05-03,2
1,1385,Ricardo Duarte,r.duarte@ydigitalmedia.com,2012-12-11,1
1,1291,Jorge,caxirulo@gmail.com,2012-11-04,1
0,871,funluiji,funluiji@gmail.com,2012-05-28,2
0,893,training inc,training@beintoo.com,2012-06-05,1
0,322,Raoul van Wijk,raoul.van.wijk@qinqo.com,2011-12-14,1
0,1274,Evan,evan@atl.us,2012-10-28,1
0,1063,dassen,dassen@gmail.com,2012-08-14,1
0,36,Luca,figoliluca@gmail.com,2011-02-22,1
0,875,Francesco Giartosio,francesco@contipronti.it,2012-05-29,1
0,28,Mauro Vanetti,mauro@rossonerd.com,2011-02-07,1
0,872,john,john@kngfu.com,2012-05-28,1
0,1101,Cristian Ronzio,cristian.ronzio@gmail.com,2012-08-26,1
0,630,Miguel Morales,therevoltingx@gmail.com,2012-03-09,2
0,74,Thiago Jackiw,tjackiw@gmail.com,2011-07-28,1
0,1370,Dmitriy Prikhodko,bojlahg@gmail.com,2012-11-29,1
0,65,Mike Rowehl,mikerowehl@gmail.com,2011-06-20,2
0,964,Manabu Tsuchimoto,m-tsuchimoto@iid.co.jp,2012-06-27,1
0,57,Francesco Simoneschi,fra@domainsbot.com,2011-05-16,1
0,445,Giorgio,giorgio.zoja@gmail.com,2012-02-07,1
0,127,Sebastien's Company,sebastien.pastor@gmx.com,2011-09-22,1
0,43,barletta,mimmoby@libero.it,2011-03-03,3
null,66,Deonn Games,deonn.games@gmail.com,2011-06-23,1
null,133,Cyril Vrillaud,cyril.vrillaud@gmail.com,2011-09-24,1
null,35,beintoo,fprivitera@beintoo.com,2011-02-22,1
null,144,Yibish,mvg210@gmail.com,2011-09-28,1
null,155,Zach's Company,zach@oollo.com,2011-10-06,1
null,192,hostdude,signupalexg@hotmail.com,2011-10-15,1
null,163,Fred Radford,beintoo@FredRadford.com,2011-10-08,1
null,193,Plamen Petrov,plamen@mobipe.com,2011-10-15,1
null,211,kumaril's Company,kumarilb@gmail.com,2011-10-21,1
null,226,Kevin Cole,colemusic@hotmail.com,2011-10-28,2
null,233,Marcin's Company,marcin.sawaryn@tiger-net.pl,2011-11-01,1
null,258,Greg McCormick,jgregmccormick@crushmedia.net,2011-11-15,1
null,268,UPONStudio,uponstudio@gmail.com,2011-11-22,2
null,281,ian's Company,ian@frugalshare.com,2011-11-27,1
null,297,MeeTicket,sebastien.pastor@meeticket.com,2011-12-08,1
null,332,Christian Ortega,kaleemsagard@gmail.com,2011-12-16,1
null,344,walar,walar13@gmail.com,2011-12-22,1
null,362,Chinthaka's Company,kumarasiri@gmail.com,2012-01-04,1
null,381,Ridvan's Company,ridvankantarci@googlemail.com,2012-01-14,1
null,409,dasean howard,l3ads@ymail.com,2012-01-25,1
null,410,Animoca,animoca@beintoo.com,2012-01-25,1
null,412,John's Company,phillyim@verizon.net,2012-01-26,1
null,444,Jill,jillyjallen@gmail.com,2012-02-07,1
null,446,paolo,duearance@iol.it,2012-02-07,4
null,472,Leandro,leandro.puca@gmail.com,2012-02-15,2
null,483,fedecan1,fedecan1@libero.it,2012-02-17,1
null,494,titanhope,titanhope@gmail.com,2012-02-20,1
null,524,Brady Thomas,thomasbrad1@gmail.com,2012-02-28,1
null,527,wolf,271624351@qq.com,2012-02-29,1
null,468,Luigi Fazio,gigifazio@libero.it,2012-02-14,1
null,537,Sergio Rotondo,sergio.rotondo@libero.it,2012-03-02,1
null,668,lahar123,llahar51@yahoo.com,2012-03-23,1
null,673,alkarana,aldevampz@yahoo.com,2012-03-25,1
null,697,ag,anfernee.guan@gmail.com,2012-04-01,1
null,701,Francisco rojas,francisco.rojas@iguanabee.com,2012-04-02,1
null,737,Paul Henry,paul@thesandbox.me,2012-04-16,1
null,738,shaxiaoding,450483992@qq.com,2012-04-17,1
null,724,dewanto,dewanto@gmail.com,2012-04-10,1
null,789,juloot Co.,hq@juloot.co,2012-05-04,1
null,797,Jordan Gensler,jordangens@gmail.com,2012-05-06,1
null,807,lior ginsberg,lginsberg9@gmail.com,2012-05-08,1
null,810,Philip's Company,philip.652@gmail.com,2012-05-09,1
null,814,mario,mario@mc3design.com,2012-05-10,1
null,823,Dan Chen,dan@collingmedia.com,2012-05-14,1
null,877,muhammad ilham,ilhams4@yahoo.com,2012-05-29,1
null,891,prashant,app@orizin.net,2012-06-04,1
null,895,Rahul,rahul@balar.net,2012-06-05,1
null,913,tatyana.zinovyeva,tatyana.zinovyeva@ximad.com,2012-06-08,1
null,914,Michael's Company,info@kyodee.com,2012-06-08,1
null,916,atmTest,atm@test.com,2012-06-08,1
null,889,Tan,tan@scalenutz.com,2012-06-03,1
null,925,Patrizia,patriziavinale@live.it,2012-06-13,1
null,933,Marcin,mpancewicz@gmail.com,2012-06-17,1
null,938,mario,enricopiovesan@gmail.com,2012-06-20,1
null,939,Douglas Bolm,douglas_bolm@dabsquared.com,2012-06-21,1
null,946,Raghunath,jrcbangalore@gmail.com,2012-06-22,1
null,952,Lukasz,lukaszprokopiuk@gmail.com,2012-06-24,1
null,951,Vincent Edwards,vince@vindi.co.nz,2012-06-24,1
null,955,robert vayner,info@paidinstyle.com,2012-06-26,1
null,957,Antonio Parisi,m3nTeZ@gmail.com,2012-06-26,1
null,958,Bryce Bayens,xbrahaxz@gmail.com,2012-06-27,1
null,966,luca,lucaweb01@gmail.com,2012-06-28,1
null,973,Subramanian,subramanian.bsv@gmail.com,2012-07-04,1
null,977,David Gonen,david@brandbounty.com,2012-07-06,1
null,984,swetha,swetha.pimmi@gmail.com,2012-07-12,1
null,991,Bryan,bryan.c.dickson@gmail.com,2012-07-16,1
null,994,igsan,nacho-sabater@hotmail.com,2012-07-17,1
null,1008,Chris Boyd,cboyd_sf@yahoo.com,2012-07-23,1
null,1035,YG WareNinja,yg@wareninja.com,2012-07-30,1
null,674,Alberto Alvarez,alvarez.a@gogetit.com.pa,2012-03-26,1
null,1047,charleigh,charliigh@hotmail.com,2012-08-06,1
null,1048,Anuj Tenani,anujtenani@gmail.com,2012-08-06,1
null,1059,Sergio's Company,sergio.88medina@gmail.com,2012-08-13,1
null,228,RadiumOne,radiumone@beintoo.com,2011-10-28,1
null,1071,watermark,augerst1023@163.com,2012-08-16,3
null,1092,Jose Antonio,jatejedor@gmail.com,2012-08-22,1
null,1099,veramb97,veramb97@hotmail.com,2012-08-24,1
null,1115,Jani Hartikainen,jani.hartikainen@wantlet.com,2012-08-31,1
null,1121,Frappella,frappella@live.it,2012-09-02,1
null,1132,gina s,7702412@gmail.com,2012-09-06,2
null,1129,igin yusuf,iginyusuf@gmail.com,2012-09-05,1
null,1147,Steven Wang,admin@gamehive.com,2012-09-13,1
null,1148,RisingBits,giulio.grillanda@risingbits,2012-09-14,1
null,1160,Orla Mitchell,orla.mitchell@superfunplay.com,2012-09-18,1
null,1161,Michael De Coninck,mdc@satmarin.com,2012-09-18,1
null,533,Gabriele Barlocci,gbarlocci@ngi.it,2012-03-01,1
null,1171,Lisa Gaybe,lisa2.gaybe@gmail.com,2012-09-21,1
null,1188,blueFire,jason@bluefiregames.com,2012-09-30,1
null,1172,bagas yusuf,bagasyusuf@gmail.com,2012-09-21,1
null,1197,sk8er123,sk8er123@naver.com,2012-10-04,1
null,1208,Ma,irishdancer400.mam3496@yahoo.com,2012-10-06,1
null,1211,Pablo,pablo.borbon@nivel7.net,2012-10-06,1
null,1214,Anna,anna.salomone@akamon.me,2012-10-08,1
null,104,Rich Curtis,rich@sessionm.com,2011-09-15,1
null,1220,klaliya,klaliya@gmail.com,2012-10-10,1
null,1224,Yauhen Kazadayeu,bigwhiteplanet.online@gmail.com,2012-10-12,1
null,1228,Leonardo Pellicciotta,leonardo.pellicciotta@gmail.com,2012-10-14,1
null,1227,Angelika,angelochkakiss@list.ru,2012-10-14,2
null,1237,Никита,yasha.cheredow99@mail.ru,2012-10-16,1
null,1248,Giovanni Cortese,g.cortese@ipsoft.it,2012-10-20,1
null,1256,Name,gracisalvatore7@gmail.com,2012-10-21,1
null,1261,Jeff Brown,finalmirage1@gmail.com,2012-10-23,1
null,1278,Teri,vera-teri@yandex.ru,2012-10-31,1
null,1283,Luca,ilucamicheli@gmail.com,2012-11-02,1
null,1276,chris's Company,xmas@chrischristmas.com,2012-10-29,1
null,1289,Francesco Cricchio,rgbsound@gmail.com,2012-11-04,1
null,1290,Romeo Ordos,romeo.ordos@gmail.com,2012-11-04,1
null,1295,nicola.sgrenza,Nicola.sgrenza@gmail.com,2012-11-05,1
null,1308,juan torres,juan.torres@alleluu.com,2012-11-07,1
null,1320,lderiu,lderiu@vivido.it,2012-11-13,1
null,1322,Idan,idan.kfir@winner.com,2012-11-14,1
null,1323,Chaya,advertisers@tokenads.com,2012-11-14,1
null,1327,shani,shanifoster4me@yahoo.com,2012-11-14,1
null,1328,Gamer,gamerdude2012rx@yahoo.com,2012-11-15,1
null,1333,Jonathan Brown,jonbthree@gmail.com,2012-11-16,1
null,1100,heydari hassan,das_licht@live.de,2012-08-25,1
null,1347,Alejandra,ale_mrd15@hotmail.com,2012-11-20,1
null,1350,kiza,zaki552011@live.fr,2012-11-22,1
null,1352,Alessandro,averlato@gmail.com,2012-11-23,1
null,1367,Chad,info@productofself.com,2012-11-28,1
null,1242,Shane Schweiger,InnovativeInventions@live.com,2012-10-17,1
null,1396,Jose Alberto,josebetomex@gmail.com,2012-12-14,1
null,1411,Svitrigaile,svgaile@gmail.com,2012-12-18,1
null,1431,Lucas Friedman,dogdude1248@gmail.com,2012-12-27,1
null,1433,Gabriele,gabriele.costamagna@gmail.com,2012-12-28,1
null,1437,cooper,flemings@frontier.com,2012-12-29,2
null,1466,Jaspal,singh.jaspal1212@gmailcom,2013-01-05,1
null,1467,pimmelmaus,thiphise@wegwerfemail.de,2013-01-05,1
null,1471,Beth,irelandbeth@hotmail.com,2013-01-06,1
null,1488,Alonzo Machiraju,machthree@gmail.com,2013-01-12,1
null,1504,gioacchino,gioadin62@gmail.com,2013-01-17,1
null,1512,Kris Koti,kotpal@vienaworks.com,2013-01-20,1
null,1523,VFedin,kwakin1@ya.ru,2013-01-23,1
null,1530,Gabriel,gabs@imshi.co.uk,2013-01-25,1
null,1536,Jackson,jacko226226@gmail.com,2013-01-27,1
null,1544,kamal,unity6d@gmail.com,2013-01-28,1
null,1561,calvin,gigiupup6@gmail.com,2013-02-03,1
null,1564,Antoine,a_desparois@hotmail.com,2013-02-03,1
null,1566,Will,whendricso@gmail.com,2013-02-03,1
null,1573,Arjun Haobijam,arjun@haobijam.com,2013-02-05,1
null,1577,Rigoberto Alvarez,rigoberto.alvarez@gmail.com,2013-02-06,1
null,1579,zTrojan,ztrojan@gmail.com,2013-02-06,1
null,1591,Mate Cziner,mate.cziner@gmail.com,2013-02-10,1
null,1599,Herman de Keyperling,hrhfar7@aol.com,2013-02-12,1
null,1612,anhduc0204,dtony.pro0204@yahoo.com,2013-02-16,1
null,1603,Prikshit,prikshit@fareportal.com,2013-02-13,1
null,1639,TEG,teg.games@gmail.com,2013-02-21,1
null,1654,Rob,robert.a.boles@gmail.com,2013-02-25,1
null,1669,Elias Bachour,ebachour@gmail.com,2013-02-28,1
null,1673,Dj_Kami,jhanfernando2009@hotmail.com,2013-03-01,1
null,1687,reco garrett,recogarrett@gmail.com,2013-03-05,1
null,1693,Sarah Burgan,burgansarah@yahoo.com,2013-03-07,1
null,1696,wisam,wisam@viralstate.co.uk,2013-03-07,1
null,1697,Alex Wong,alex@targa.com,2013-03-07,1
null,1701,Graham Dean,mail@mobiacs.com,2013-03-09,1
null,1729,taryn daniels,SmileImHighRS@gmail.com,2013-03-16,1
null,1784,kalyani kandpile,kalyanikandpile5@gmail.com,2013-04-03,1
null,1794,Rex,Rex.ma@kylinworks.com,2013-04-05,1
null,1827,shreedhara ananth,shreedhara.ca@gmail.com,2013-04-13,2
null,1830,aaa,aa@gmail.com,2013-04-13,1
null,1860,richard  emmanuel,technologypluswireless@yahoo.com,2013-04-19,1
null,1875,living legend,daltray5@mocospace.com,2013-04-23,1
null,1877,Ananda Gupta,admin@onemeninteractive.com,2013-04-23,1
null,1879,Patryk,patryk_ziem@hotmail.com,2013-04-23,1
null,1892,isa can,www.isacan.com@gmail.com,2013-04-26,1
null,1905,camden,bryantcamden@yahoo.com,2013-04-28,1
null,1921,Jessenapayton,paytonfamily3@gmail.com,2013-05-02,1
null,1964,sfiore+1305,sfiore+1305@beintoo.com,2013-05-13,1
null,1966,Eugene,myagkiy@gmail.com,2013-05-13,1
null,1970,rahul,rahuljain153001@gmail.com,2013-05-14,1
null,1996,eibel,eibel2703648@gmail.com,2013-05-22,1
null,2000,Ran Rubinstein,ran@pingjam.com,2013-05-23,1
null,2022,spardin_2013,kulkarniavinash4@gmail.com,2013-05-30,1
